City_ID,City,Lat,Lng,Max Temp,Humidity,Cloudiness,Wind Speed,Country,Date
0,ushuaia,-54.8,-68.3,51.46,82,0,5.75,AR,1675317045
1,vadso,70.0744,29.7487,27.48,73,20,14.97,NO,1675317046
2,sedalia,38.7045,-93.2283,26.85,54,0,9.22,US,1675316635
3,khatanga,71.9667,102.5,-18.4,97,100,5.66,RU,1675317047
4,lahij,13.1667,44.5833,70.65,69,10,5.08,YE,1675317048
5,wanning,18.8003,110.3967,73.54,82,100,8.03,CN,1675317049
6,anchorage,61.2181,-149.9003,28.92,95,100,0.0,US,1675316971
7,tecoman,18.9167,-103.8833,67.96,72,53,4.0,MX,1675317050
8,aklavik,68.2191,-135.0107,-29.2,99,60,7.49,CA,1675317051
9,harbour breton,47.4833,-55.7983,15.04,71,74,9.35,CA,1675317051
10,bluff,-46.6,168.3333,68.04,79,92,4.23,NZ,1675317052
11,kavaratti,10.5669,72.642,80.67,73,91,9.06,IN,1675317053
12,sioni,41.9895,45.0239,30.56,61,86,1.9,GE,1675317053
13,new norfolk,-42.7826,147.0587,63.9,70,99,1.99,AU,1675317054
14,lavrentiya,65.5833,-171.0,6.8,96,100,7.92,RU,1675317055
15,ilo,-17.6394,-71.3375,71.55,90,79,4.09,PE,1675317055
16,mayo,38.8876,-76.5119,33.15,74,0,1.99,US,1675317056
17,busselton,-33.65,115.3333,85.75,28,98,9.17,AU,1675317057
18,karimganj,24.8667,92.35,84.56,34,43,2.06,IN,1675317057
19,qaanaaq,77.484,-69.3632,-6.32,56,0,9.22,GL,1675317059
20,clyde river,70.4692,-68.5914,-30.77,68,0,14.97,CA,1675317059
21,saldanha,-33.0117,17.9442,59.05,82,0,14.45,ZA,1675317060
22,mataura,-46.1927,168.8643,70.36,92,100,2.13,NZ,1675317061
23,tiksi,71.6872,128.8694,-18.47,98,99,8.12,RU,1675317062
24,finca blanco,8.3833,-82.8667,71.62,77,12,3.4,PA,1675317064
25,san quintin,30.4833,-115.95,55.09,63,0,2.15,MX,1675317065
26,livingston,55.9029,-3.5226,48.56,89,75,16.11,GB,1675316995
27,archidona,37.0965,-4.3887,39.4,83,0,3.42,ES,1675317067
28,vaitape,-16.5167,-151.75,82.0,74,26,19.28,PF,1675317068
29,ulaangom,49.9811,92.0667,-9.13,94,52,2.64,MN,1675317070
30,grenfell,-33.9,148.1667,82.94,22,13,20.96,AU,1675317072
31,port blair,11.6667,92.75,102.24,39,40,9.22,IN,1675317036
32,eyl,7.9803,49.8164,78.76,55,12,17.65,SO,1675317074
33,chokurdakh,70.6333,147.9167,-9.62,99,100,4.41,RU,1675317075
34,jamestown,42.097,-79.2353,19.71,88,0,10.36,US,1675316957
35,boa vista,2.8197,-60.6733,76.98,69,0,13.8,BR,1675317077
36,avarua,-21.2078,-159.775,71.65,100,20,1.14,CK,1675317079
37,port elizabeth,-33.918,25.5701,71.31,79,0,4.61,ZA,1675317079
38,punta arenas,-53.15,-70.9167,53.71,71,75,5.75,CL,1675317081
39,cherskiy,68.75,161.3,-10.07,100,98,3.15,RU,1675317082
40,upernavik,72.7868,-56.1549,-16.08,87,90,4.83,GL,1675317083
41,saskylakh,71.9167,114.0833,-18.83,100,99,4.72,RU,1675317084
42,sola,-13.8833,167.55,82.45,70,41,2.68,VU,1675317085
43,nampula,-15.1165,39.2666,76.95,88,75,3.44,MZ,1675317087
44,talnakh,69.4865,88.3972,9.21,96,100,8.72,RU,1675317089
45,georgetown,5.4112,100.3354,89.53,58,20,12.66,MY,1675316731
46,qaqortoq,60.7167,-46.0333,5.99,92,92,0.76,GL,1675317092
47,batemans bay,-35.7167,150.1833,86.61,28,79,9.28,AU,1675317093
48,nemuro,43.3236,145.575,22.66,69,55,18.03,JP,1675317094
49,ponta do sol,32.6667,-17.1,61.43,68,81,10.16,PT,1675317095
50,east london,-33.0153,27.9116,72.54,73,0,6.91,ZA,1675317096
51,bethel,41.3712,-73.414,27.48,66,0,0.0,US,1675316518
52,abu kamal,34.4506,40.9171,48.51,59,30,22.24,SY,1675317098
53,banff,51.1762,-115.5698,7.18,78,94,0.0,CA,1675317099
54,ribeira grande,38.5167,-28.7,54.77,80,15,4.0,PT,1675317100
55,altay,47.8667,88.1167,23.94,69,11,0.76,CN,1675317102
56,samarai,-10.6167,150.6667,84.13,74,100,9.35,PG,1675317103
57,puerto ayora,-0.7393,-90.3518,77.56,96,75,1.99,EC,1675317104
58,arraial do cabo,-22.9661,-42.0278,75.2,90,100,5.82,BR,1675317105
59,molina,-35.1167,-71.2833,69.53,46,0,5.75,CL,1675317105
60,bardiyah,31.7561,25.0865,51.04,62,33,10.69,LY,1675317106
61,yellowknife,62.456,-114.3525,-35.45,67,0,3.44,CA,1675317021
62,vaini,-21.2,-175.2,82.56,78,75,13.8,TO,1675317107
63,puerto del rosario,28.5004,-13.8627,64.15,55,0,17.27,ES,1675317108
64,atambua,-9.1061,124.8925,82.53,69,96,6.29,ID,1675317109
65,severo-kurilsk,50.6789,156.125,25.23,73,72,17.56,RU,1675317109
66,tuktoyaktuk,69.4541,-133.0374,-34.6,74,75,2.3,CA,1675317110
67,macamic,48.7502,-78.9996,3.07,98,100,5.77,CA,1675317111
68,torbay,47.6666,-52.7314,13.26,82,40,0.0,CA,1675317111
69,shu,43.5983,73.7614,32.54,80,100,2.62,KZ,1675317112
70,lata,40.1629,-8.3327,37.8,87,0,4.34,PT,1675317113
71,butaritari,3.0707,172.7902,80.08,79,100,21.97,KI,1675317113
72,codrington,-38.2667,141.9667,59.47,57,86,26.78,AU,1675317114
73,kapaa,22.0752,-159.319,75.52,89,75,8.05,US,1675317115
74,mombasa,-4.0547,39.6636,82.81,69,20,3.44,KE,1675317116
75,atuona,-9.8,-139.0333,78.94,80,95,18.95,PF,1675317116
76,kortkeros,61.8106,51.5806,28.4,95,99,6.62,RU,1675317117
77,college,64.8569,-147.8028,11.59,82,100,4.61,US,1675317118
78,rikitea,-23.1203,-134.9692,79.32,72,3,15.73,PF,1675317118
79,ascoli piceno,42.8548,13.5749,44.26,65,4,6.55,IT,1675317119
80,sao joao de pirabas,-0.7747,-47.1772,72.68,98,91,4.12,BR,1675317120
81,hilo,19.7297,-155.09,77.29,89,100,3.44,US,1675316530
82,port lincoln,-34.7333,135.8667,62.51,63,79,25.66,AU,1675317121
83,kupang,-10.1667,123.5833,79.38,94,75,6.91,ID,1675317122
84,hithadhoo,-0.6,73.0833,80.94,75,33,13.62,MV,1675317124
85,tura,25.5198,90.2201,79.86,20,11,2.55,IN,1675317125
86,bulgan,48.8125,103.5347,11.8,74,84,0.98,MN,1675317126
87,altamont,42.2068,-121.7372,32.77,79,0,0.0,US,1675317127
88,lompoc,34.6391,-120.4579,44.58,92,0,5.75,US,1675317129
89,manavalakurichi,8.1333,77.3,81.59,68,100,4.99,IN,1675317130
90,port alfred,-33.5906,26.891,72.18,77,8,1.01,ZA,1675317131
91,hobart,-42.8794,147.3294,64.26,79,75,19.57,AU,1675317133
92,namatanai,-3.6667,152.4333,85.06,62,85,6.29,PG,1675317134
93,lima,-12.0432,-77.0282,75.9,77,100,13.8,PE,1675316856
94,borskoye,53.0333,51.7167,9.45,92,21,5.79,RU,1675317136
95,hermanus,-34.4187,19.2345,64.8,76,52,4.74,ZA,1675317137
96,tasiilaq,65.6145,-37.6368,21.36,65,100,29.64,GL,1675317139
97,castro,-24.7911,-50.0119,64.85,95,81,2.48,BR,1675317140
98,cabo san lucas,22.8909,-109.9124,64.51,73,36,8.63,MX,1675317015
99,mastic beach,40.7668,-72.8521,31.77,61,0,5.75,US,1675317143
100,anicuns,-16.4611,-49.9617,70.52,83,100,0.89,BR,1675317144
101,bonfim,3.0833,-59.95,77.85,67,75,10.45,BR,1675317145
102,calabozo,8.9242,-67.4293,73.47,57,2,7.63,VE,1675317146
103,nikolskoye,59.7035,30.7861,29.91,95,100,5.91,RU,1675317147
104,bimbo,4.2567,18.4158,73.33,88,20,4.61,CF,1675317149
105,asmara,15.3333,38.9333,55.24,74,95,5.03,ER,1675317152
106,rio branco,-9.9747,-67.81,75.81,94,40,3.44,BR,1675317109
107,ancud,-41.8697,-73.8203,50.5,87,44,4.34,CL,1675317154
108,cidreira,-30.1811,-50.2056,74.14,93,5,5.23,BR,1675317154
109,pevek,69.7008,170.3133,-9.2,97,25,0.63,RU,1675317155
110,avera,33.194,-82.5271,57.25,82,95,4.23,US,1675317156
111,nome,64.5011,-165.4064,19.47,100,100,8.05,US,1675317116
112,meiganga,6.5167,14.3,65.5,30,5,2.55,CM,1675317157
113,zhigansk,66.7697,123.3711,-25.8,96,100,16.2,RU,1675317157
114,sobolevo,54.4299,31.8996,31.8,96,100,10.29,RU,1675317158
115,serik,36.9169,31.0989,43.05,57,20,15.05,TR,1675317159
116,muli,2.9167,73.5667,80.56,64,51,10.96,MV,1675317159
117,thunder bay,48.4001,-89.3168,4.98,66,100,4.61,CA,1675316891
118,mandera,3.9366,41.867,81.07,53,17,8.97,KE,1675317162
119,hervey bay,-25.2986,152.8535,82.47,76,49,4.81,AU,1675317162
120,makakilo city,21.3469,-158.0858,77.32,75,75,4.61,US,1675317163
121,muisne,0.6,-80.0333,74.97,91,68,3.29,EC,1675317164
122,denpasar,-8.65,115.2167,85.66,79,40,6.91,ID,1675317120
123,wamba,8.9333,8.6,71.1,23,8,1.97,NG,1675317165
124,necochea,-38.5473,-58.7368,64.69,81,93,6.22,AR,1675317165
125,sao filipe,14.8961,-24.4956,70.41,73,79,12.82,CV,1675317164
126,iqaluit,63.7506,-68.5145,-29.47,62,40,2.3,CA,1675317166
127,pak phanang,8.3511,100.202,89.62,66,94,5.3,TH,1675317167
128,mount isa,-20.7333,139.5,83.97,48,75,2.3,AU,1675317168
129,ilulissat,69.2167,-51.1,12.22,44,86,19.57,GL,1675317168
130,yakeshi,49.2833,120.7333,-2.33,88,82,5.91,CN,1675317169
131,adre,13.4667,22.2,64.87,23,10,15.14,TD,1675317170
132,albany,42.6001,-73.9662,20.44,63,20,1.99,US,1675316954
133,barcelos,41.5388,-8.6151,45.84,80,0,5.84,PT,1675317171
134,lulea,65.5842,22.1547,17.67,93,75,14.97,SE,1675317148
135,san patricio,28.017,-97.5169,39.07,90,100,9.91,US,1675317053
136,elizabeth city,36.2946,-76.2511,40.01,74,100,6.91,US,1675317173
137,teguldet,57.3064,88.1667,9.66,92,96,2.51,RU,1675317173
138,carnarvon,-24.8667,113.6333,86.11,62,41,17.6,AU,1675317174
139,cap malheureux,-19.9842,57.6142,86.47,69,3,5.99,MU,1675317175
140,narsaq,60.9167,-46.05,17.82,88,97,3.51,GL,1675317176
141,geraldton,-28.7667,114.6,100.81,22,14,23.02,AU,1675317177
142,nanortalik,60.1432,-45.2371,15.98,84,89,11.1,GL,1675317177
143,jardim do serido,-6.5844,-36.7744,75.38,75,49,7.58,BR,1675317178
144,ossora,59.2353,163.0719,11.61,84,99,6.64,RU,1675317179
145,portland,45.5234,-122.6762,39.94,77,40,6.91,US,1675316905
146,zhangye,38.9342,100.4517,36.41,32,51,1.9,CN,1675317180
147,kodiak,57.79,-152.4072,31.51,86,100,4.61,US,1675317039
148,port augusta,-32.5,137.7667,77.85,35,1,23.64,AU,1675317181
149,salalah,17.0151,54.0924,75.29,53,75,5.75,OM,1675317157
150,antalaha,-14.9003,50.2788,83.21,70,40,6.96,MG,1675317182
151,bredasdorp,-34.5322,20.0403,67.32,69,10,1.57,ZA,1675317179
152,longyearbyen,78.2186,15.6401,10.24,61,20,19.57,SJ,1675317184
153,vredendal,-31.6683,18.5012,66.22,82,17,0.74,ZA,1675317185
154,kismayo,-0.3582,42.5454,79.2,75,98,11.52,SO,1675317186
155,desaguadero,-16.5656,-69.0417,45.09,84,99,8.05,PE,1675317188
156,sayansk,54.1088,102.1648,11.5,91,100,3.27,RU,1675317189
157,chuy,-33.6971,-53.4616,69.48,82,59,5.35,UY,1675317190
158,burnie,-41.0667,145.9167,53.94,99,100,12.46,AU,1675316952
159,fortuna,40.5982,-124.1573,47.93,69,0,5.99,US,1675317191
160,paamiut,61.994,-49.6678,10.2,78,91,7.36,GL,1675317193
161,sorong,-0.8833,131.25,83.5,77,68,11.48,ID,1675316754
162,fayaoue,-20.65,166.5333,81.28,59,85,3.04,NC,1675317194
163,marienburg,54.0359,19.0266,36.9,98,99,6.42,PL,1675317195
164,providencia,28.7167,-111.5833,47.41,77,15,3.91,MX,1675317195
165,kijang,35.2442,129.2139,46.13,49,95,5.68,KR,1675316898
166,touros,-5.1989,-35.4608,78.53,77,100,9.42,BR,1675317063
167,ahipara,-35.1667,173.1667,73.13,77,100,6.64,NZ,1675317198
168,kahului,20.8947,-156.47,75.85,85,20,8.05,US,1675317198
169,alta floresta,-9.8756,-56.0861,69.49,97,100,2.28,BR,1675317199
170,belmonte,-15.8631,-38.8828,74.95,84,12,5.26,BR,1675317200
171,leshukonskoye,64.8989,45.7622,13.23,97,93,6.13,RU,1675317201
172,provideniya,64.3833,-173.3,24.91,74,75,15.66,RU,1675317202
173,sinnamary,5.3833,-52.95,74.3,91,91,4.32,GF,1675317203
174,pacific grove,36.6177,-121.9166,47.88,90,0,4.61,US,1675317204
175,kununurra,-15.7667,128.7333,93.18,55,43,10.36,AU,1675317205
176,nouadhibou,20.931,-17.0347,58.98,88,96,14.97,MR,1675317205
177,vao,-22.6667,167.4833,80.58,75,64,8.16,NC,1675317206
178,mahebourg,-20.4081,57.7,86.25,74,40,5.75,MU,1675317207
179,eagle,43.6954,-116.354,25.81,79,0,3.44,US,1675317208
180,grafton,42.207,-71.6856,22.82,62,0,5.75,US,1675317208
181,roald,62.5833,6.1333,34.75,93,75,8.05,NO,1675317209
182,cape town,-33.9258,18.4232,70.38,67,0,11.01,ZA,1675317115
183,kungurtug,50.5994,97.5228,9.05,87,27,1.43,RU,1675317210
184,kurilsk,45.2333,147.8833,22.51,92,97,44.49,RU,1675317211
185,asau,46.4333,26.4,27.52,85,99,7.52,RO,1675317212
186,saint george,37.1041,-113.5841,36.19,53,0,3.44,US,1675317213
187,san carlos de bariloche,-41.1456,-71.3082,55.15,58,0,2.3,AR,1675317214
188,duku,11.2361,4.9073,73.67,17,60,6.58,NG,1675317214
189,khani,41.9563,42.9566,33.37,98,100,0.47,GE,1675317215
190,norman wells,65.282,-126.8329,-39.96,67,20,0.0,CA,1675317216
191,ahuimanu,21.4447,-157.8378,78.51,83,40,4.61,US,1675317216
192,bandarbeyla,9.4942,50.8122,76.95,57,6,15.7,SO,1675317217
193,victoria,22.2855,114.1577,75.96,70,31,17.0,HK,1675317218
194,lat yao,15.751,99.7893,93.83,21,12,3.76,TH,1675317218
195,ekibastuz,51.6667,75.3667,6.28,93,56,5.08,KZ,1675317219
196,kavieng,-2.5744,150.7967,85.53,63,96,8.3,PG,1675317220
197,yulara,-25.2406,130.9889,89.24,22,0,22.93,AU,1675317221
198,kaitangata,-46.2817,169.8464,73.72,63,93,4.12,NZ,1675317222
199,barrow,71.2906,-156.7887,-5.78,77,0,20.71,US,1675317222
200,zyryanskoye,56.8306,86.6258,8.8,91,69,1.68,RU,1675317223
201,hamilton,39.1834,-84.5333,27.93,70,0,0.0,US,1675317052
202,goderich,43.7501,-81.7165,27.91,63,97,20.71,CA,1675317224
203,khandyga,62.6667,135.6,-23.03,92,100,2.75,RU,1675317225
204,constitucion,-35.3333,-72.4167,62.53,51,0,9.19,CL,1675317226
205,shirokiy,49.758,129.523,0.86,78,7,12.1,RU,1675317226
206,bronnoysund,65.4625,12.1997,26.6,86,75,3.44,NO,1675317227
207,nova londrina,-22.7658,-52.985,71.01,95,66,4.76,BR,1675317228
208,hasaki,35.7333,140.8333,50.29,36,100,11.45,JP,1675317228
209,chumikan,54.7183,135.315,-5.8,82,85,17.6,RU,1675317229
210,hambantota,6.1241,81.1185,79.14,100,40,3.44,LK,1675317188
211,broome,42.2506,-75.833,19.0,74,0,5.75,US,1675317082
212,wagar,16.1525,36.2032,71.01,70,24,14.47,SD,1675317231
213,sattahip,12.6664,100.9007,91.98,62,20,11.5,TH,1675317232
214,magistralnyy,56.1725,107.4458,13.26,82,100,3.0,RU,1675317233
215,thompson,55.7435,-97.8558,-23.64,57,20,16.11,CA,1675317008
216,zyryanka,65.75,150.85,-29.72,99,93,4.68,RU,1675317234
217,margate,51.3813,1.3862,43.88,81,86,3.0,GB,1675317004
218,sanmenxia,34.7747,111.1814,41.99,25,100,6.02,CN,1675317235
219,peterhead,57.5058,-1.7981,39.6,96,100,12.55,GB,1675317235
220,victor harbor,-35.5667,138.6167,63.0,66,77,1.01,AU,1675317236
221,paramonga,-10.6667,-77.8333,70.65,85,100,4.94,PE,1675317237
222,martapura,-3.4167,114.85,77.09,88,40,3.44,ID,1675317237
223,souillac,-20.5167,57.5167,84.58,74,40,5.75,MU,1675317238
224,sistranda,63.7256,8.834,35.56,58,99,14.83,NO,1675317239
225,waitati,-45.75,170.5667,70.81,84,100,3.69,NZ,1675317239
226,deputatskiy,69.3,139.9,-17.16,97,100,3.74,RU,1675317241
227,rock springs,41.5875,-109.2029,22.44,68,0,11.5,US,1675317241
228,gimli,50.6336,-96.9907,-5.78,54,100,17.27,CA,1675317243
229,ust-ilimsk,58.0006,102.6619,9.61,88,100,6.8,RU,1675317205
230,namibe,-15.1961,12.1522,72.61,77,100,4.56,AO,1675317244
231,luderitz,-26.6481,15.1594,65.46,69,23,16.96,NA,1675317245
232,waingapu,-9.6567,120.2641,83.41,77,100,11.5,ID,1675317248
233,noyabrsk,63.1994,75.4507,13.41,95,92,12.19,RU,1675317249
234,camara de lobos,32.6333,-16.9667,61.43,81,75,12.66,PT,1675317250
235,koslan,63.4564,48.8989,12.63,99,95,4.21,RU,1675317252
236,kontagora,10.3999,5.4695,72.61,18,62,7.09,NG,1675317253
237,poronaysk,49.2167,143.1167,6.91,72,98,14.81,RU,1675317255
238,la ronge,55.1001,-105.2842,-19.95,63,0,10.36,CA,1675317255
239,tayu,-6.5397,111.0518,79.66,85,100,8.59,ID,1675317256
240,teguise,29.0605,-13.564,59.22,67,20,16.11,ES,1675317257
241,santa maria,-29.6842,-53.8069,72.3,84,3,7.7,BR,1675317116
242,andenes,69.3143,16.1194,27.93,93,0,9.22,NO,1675317259
243,mar del plata,-38.0023,-57.5575,71.1,87,0,8.99,AR,1675317194
244,rabo de peixe,37.8,-25.5833,54.91,76,40,5.75,PT,1675317261
245,muroto,33.2833,134.15,49.12,66,96,13.44,JP,1675317262
246,izazi,-7.2,35.7333,75.13,72,75,1.61,TZ,1675317263
247,roma,43.2128,-75.4557,22.37,70,40,3.0,US,1675317264
248,kailua,21.4022,-157.7394,78.78,89,99,1.99,US,1675316966
249,katsuura,35.1333,140.3,47.16,35,100,7.72,JP,1675317005
250,komsomolskiy,40.4272,71.7189,41.72,52,100,4.61,UZ,1675317266
251,trincomalee,8.5711,81.2335,79.03,83,100,15.73,LK,1675317267
252,ukiah,39.1502,-123.2078,46.15,79,63,1.01,US,1675317036
253,balezino,57.9796,53.0106,5.38,92,91,4.63,RU,1675317271
254,guerrero negro,27.9769,-114.0611,56.66,66,0,1.07,MX,1675317272
255,ganzhou,28.8184,115.4327,45.75,57,100,8.16,CN,1675317273
256,mujiayingzi,42.1167,118.7833,23.63,15,24,2.86,CN,1675317274
257,serenje,-13.2325,30.2352,66.31,91,99,3.0,ZM,1675317274
258,thinadhoo,0.5333,72.9333,81.14,69,57,15.93,MV,1675317276
259,inirida,3.8653,-67.9239,72.27,71,18,2.55,CO,1675317277
260,boende,-0.2167,20.8667,73.33,87,99,3.42,CD,1675317277
261,manzil salim,35.8567,8.4765,37.47,88,12,4.23,TN,1675317278
262,vostok,46.4856,135.8833,2.43,91,100,12.19,RU,1675317279
263,ouallam,14.3188,2.0866,70.7,18,43,9.95,NE,1675317279
264,wahpeton,46.2652,-96.6059,5.92,85,40,0.0,US,1675317280
265,padang,-0.9492,100.3543,87.85,62,82,6.93,ID,1675317281
266,itaquyry,-24.9333,-55.2167,70.5,95,3,2.37,PY,1675317282
267,buenos aires,-34.6132,-58.3772,74.98,75,100,18.41,AR,1675317121
268,gigmoto,13.7796,124.39,80.22,84,27,11.59,PH,1675317283
269,itoman,26.1247,127.6694,70.18,74,75,19.57,JP,1675317284
270,tondano,1.3038,124.9112,69.89,93,100,2.48,ID,1675317284
271,mercaderes,1.8009,-77.166,64.45,93,92,0.96,CO,1675317285
272,heyang,26.1011,107.473,43.72,85,100,5.35,CN,1675317286
273,freetown,8.484,-13.2299,78.51,89,40,5.75,SL,1675317156
274,novikovo,51.1537,37.8879,26.15,90,68,6.49,RU,1675317287
275,sergeyevka,53.88,67.4158,7.5,93,21,4.65,KZ,1675317288
276,hami,42.8,93.45,28.51,44,75,3.13,CN,1675317288
277,oksfjord,70.2396,22.3479,17.78,81,92,5.06,NO,1675317289
278,taoudenni,22.6783,-3.9836,53.13,23,82,12.39,ML,1675317290
279,tacuarembo,-31.7333,-55.9833,68.99,88,4,8.86,UY,1675317290
280,cayenne,4.9333,-52.3333,71.64,100,100,3.44,GF,1675317292
281,canete,-37.8,-73.4,53.51,73,0,5.53,CL,1675317292
282,coihaique,-45.5752,-72.0662,55.35,58,0,2.3,CL,1675317119
283,amazar,53.858,120.875,5.99,71,13,2.73,RU,1675317294
284,kathmandu,27.7167,85.3167,66.83,41,20,3.44,NP,1675317272
285,vardo,70.3705,31.1107,28.38,74,40,11.5,NO,1675317296
286,koutsouras,35.0339,25.9469,46.11,68,6,4.0,GR,1675317297
287,mezen,65.8522,44.24,14.68,96,66,7.85,RU,1675317297
288,lebu,-37.6167,-73.65,55.0,88,0,18.37,CL,1675317298
289,borgarnes,64.5383,-21.9206,33.85,84,100,12.82,IS,1675317299
290,bambous virieux,-20.3428,57.7575,85.21,74,40,5.75,MU,1675317299
291,tuatapere,-46.1333,167.6833,70.54,69,100,3.02,NZ,1675317300
292,dvinskoy,62.1535,45.1175,8.22,100,94,3.47,RU,1675317301
293,kiruna,67.8557,20.2251,5.92,85,20,4.61,SE,1675317302
294,dikson,73.5069,80.5464,-6.23,94,93,7.18,RU,1675317125
295,schwandorf,49.3262,12.1093,35.47,99,100,7.43,DE,1675317305
296,saint-augustin,51.226,-58.6502,-9.65,94,76,4.09,CA,1675317306
297,linhai,28.85,121.1167,48.92,37,69,4.76,CN,1675317307
298,guanica,17.9716,-66.908,74.19,82,2,4.9,PR,1675317300
299,aldan,58.6031,125.3894,-2.4,93,100,11.16,RU,1675317309
300,kushmurun,52.4503,64.6311,5.2,82,9,5.61,KZ,1675317311
301,kropotkin,45.4375,40.5756,34.7,91,100,4.45,RU,1675317312
302,lewiston,44.1003,-70.2148,19.38,85,19,2.91,US,1675317313
303,brae,60.3964,-1.353,39.65,70,100,5.1,GB,1675317315
304,villa bruzual,9.3328,-69.1208,71.55,71,3,7.83,VE,1675317315
305,turkistan,43.0,68.0,41.9,90,100,11.92,KZ,1675317317
306,lelystad,52.5083,5.475,47.01,89,100,17.22,NL,1675317318
307,pasni,25.2631,63.471,68.05,55,0,3.44,PK,1675317320
308,tiznit,29.5833,-9.5,46.83,38,0,3.42,MA,1675317297
309,ibra,22.6906,58.5334,68.9,49,0,3.31,OM,1675317322
310,tulun,54.5611,100.5792,15.69,88,100,2.73,RU,1675317323
311,ekimchan,53.0667,132.9667,-7.33,87,99,2.28,RU,1675317324
312,roebourne,-20.7833,117.1333,95.32,44,11,15.68,AU,1675317325
313,maxixe,-23.8597,35.3472,81.0,59,10,7.43,MZ,1675317326
314,araouane,18.9048,-3.5265,57.0,17,38,9.98,ML,1675317327
315,frunze,48.6686,38.7544,27.59,87,77,4.81,UA,1675317330
316,jatai,-17.8814,-51.7144,67.28,90,97,2.57,BR,1675317331
317,caloundra,-26.8,153.1333,82.13,85,86,8.99,AU,1675317332
318,amuntai,-2.4177,115.2494,73.04,99,100,3.44,ID,1675317333
319,kentville,45.0835,-64.4988,14.4,85,75,1.14,CA,1675317334
320,pisco,-13.7,-76.2167,73.45,83,0,9.22,PE,1675317334
321,kruisfontein,-34.0033,24.7314,64.89,49,71,3.74,ZA,1675317217
322,haines junction,60.7522,-137.5108,3.15,85,100,1.14,CA,1675317336
323,millville,39.4021,-75.0393,30.88,84,0,0.0,US,1675317336
324,porto velho,-8.7619,-63.9039,75.25,94,0,2.3,BR,1675317338
325,bullhead city,35.1478,-114.5683,55.69,19,0,19.57,US,1675317338
326,petropavlovsk-kamchatskiy,53.0452,158.6483,14.59,53,0,2.24,RU,1675317339
327,douglas,41.3,-96.167,27.48,76,0,6.91,US,1675317340
328,ninghai,29.2892,121.4247,52.05,54,62,7.09,CN,1675317341
329,catamarca,-28.4696,-65.7852,74.59,87,61,4.0,AR,1675317053
330,amapa,1.0,-52.0,69.96,100,100,0.94,BR,1675317342
331,manado,1.487,124.8455,77.77,94,40,3.44,ID,1675317343
332,fethiye,36.6217,29.1164,35.47,48,5,8.37,TR,1675317344
333,saint-philippe,-21.3585,55.7679,83.79,73,13,8.05,RE,1675317344
334,murray bridge,-35.1167,139.2667,67.12,55,82,23.44,AU,1675317345
335,faanui,-16.4833,-151.75,82.0,74,28,19.35,PF,1675317346
336,esperance,-33.8667,121.9,67.57,71,98,13.0,AU,1675317347
337,vavoua,7.3819,-6.4778,67.06,92,21,3.04,CI,1675317348
338,whitehorse,60.7161,-135.0538,12.97,67,75,12.66,CA,1675317348
339,kangaatsiaq,68.3065,-53.4641,-2.81,95,75,14.09,GL,1675317349
340,north bend,43.4065,-124.2243,44.08,100,0,9.22,US,1675317350
341,micco,27.8806,-80.5003,73.0,93,67,6.53,US,1675317207
342,toora-khem,52.4675,96.11,9.21,87,89,1.43,RU,1675317351
343,srednekolymsk,67.45,153.6833,-26.21,99,93,5.97,RU,1675317352
344,flinders,-34.5833,150.8552,91.26,72,20,5.99,AU,1675317353
345,pleshanovo,52.8333,53.4833,13.51,96,90,6.69,RU,1675317353
346,okara,30.8081,73.4458,73.35,16,44,7.61,PK,1675317354
347,olafsvik,64.8945,-23.7142,29.5,94,100,27.83,IS,1675317355
348,sao joao da barra,-21.6403,-41.0511,74.1,91,97,9.22,BR,1675317256
349,blackwater,-23.5833,148.8833,94.46,33,44,10.69,AU,1675317356
350,shellbrook,53.2168,-106.4011,-17.37,94,11,8.19,CA,1675317356
351,awbari,26.5921,12.7805,44.46,51,68,7.76,LY,1675317357
352,lasa,46.6166,10.7002,38.28,93,56,7.7,IT,1675317358
353,laguna,38.421,-121.4238,49.17,76,0,0.0,US,1675317359
354,saint-pierre,-21.3393,55.4781,83.88,58,0,11.5,RE,1675317360
355,yinchuan,38.4681,106.2731,32.18,18,97,4.5,CN,1675317361
356,mengen,48.0495,9.3301,39.29,88,97,13.49,DE,1675317364
357,te anau,-45.4167,167.7167,64.8,88,100,1.05,NZ,1675317365
358,atar,20.5169,-13.0499,63.0,13,100,5.86,MR,1675317366
359,ostrovnoy,68.0531,39.5131,16.86,91,49,21.65,RU,1675317367
360,miranda,3.2499,-76.2281,69.93,86,71,4.79,CO,1675317368
361,gaoua,10.2992,-3.2508,72.63,16,61,3.94,BF,1675317369
362,poum,-20.2333,164.0167,82.09,66,97,10.89,NC,1675317370
363,dicabisagan,17.0818,122.4157,79.83,79,66,4.63,PH,1675317372
364,vila velha,-20.3297,-40.2925,76.95,89,75,8.05,BR,1675317318
365,beloha,-25.1667,45.05,79.21,64,59,13.11,MG,1675317374
366,bengkulu,-3.8004,102.2655,84.94,66,98,10.31,ID,1675317375
367,gushikawa,26.3544,127.8686,69.39,74,75,14.97,JP,1675317376
368,walvis bay,-22.9575,14.5053,64.09,82,100,9.22,NA,1675317377
369,hammerfest,70.6634,23.6821,25.25,93,75,3.44,NO,1675317378
370,port hedland,-20.3167,118.5667,89.42,60,2,11.9,AU,1675317379
371,vydrino,51.485,104.8461,14.59,83,67,2.57,RU,1675317380
372,richards bay,-28.783,32.0377,77.72,78,5,4.16,ZA,1675317381
373,ponta delgada,37.7333,-25.6667,56.12,76,40,5.75,PT,1675317271
374,placido de castro,-10.3353,-67.1856,72.45,96,100,1.14,BR,1675317383
375,tabou,4.423,-7.3528,78.42,88,7,3.11,CI,1675317384
376,alyangula,-13.8483,136.4192,87.03,66,100,3.09,AU,1675317257
377,santa cruz,-17.8,-63.1667,72.86,94,75,4.61,BO,1675317385
378,bentiu,9.2333,29.8333,79.45,17,9,10.65,SS,1675317386
379,mapiripan,2.8892,-72.1256,72.43,45,33,4.94,CO,1675317387
380,kenai,60.5544,-151.2583,28.09,95,100,4.61,US,1675317223
381,hampton,37.0299,-76.3452,39.02,75,75,8.05,US,1675317234
382,labuhan,-6.8844,112.2051,80.55,78,100,6.35,ID,1675317390
383,isla vista,34.4133,-119.861,57.83,67,0,3.44,US,1675317391
384,nahrin,36.0649,69.1334,49.08,64,100,1.41,AF,1675317392
385,jieshi,22.8134,115.8257,66.13,71,92,22.75,CN,1675317393
386,saint-francois,46.4154,3.9054,36.84,93,100,2.3,FR,1675317394
387,panguna,-6.3164,155.4848,75.36,82,97,2.46,PG,1675317394
388,agua dulce,18.1333,-94.1333,73.17,90,13,13.27,MX,1675317395
389,karratha,-20.7377,116.8463,93.6,47,19,14.29,AU,1675317396
390,lafia,8.4833,8.5167,74.61,24,10,2.64,NG,1675317397
391,dubreka,9.7911,-13.5233,72.36,75,0,2.46,GN,1675317398
392,rengasdengklok,-6.1592,107.2981,93.38,58,71,13.38,ID,1675317398
393,aripuana,-9.1667,-60.6333,70.54,97,87,1.28,BR,1675317399
394,barra do corda,-5.5,-45.25,71.2,97,100,2.89,BR,1675317400
395,huntingdon,52.3305,-0.1865,45.3,86,71,13.04,GB,1675317401
396,ituango,7.1712,-75.764,58.6,97,39,0.51,CO,1675317401
397,katobu,-4.9408,122.5276,85.33,68,91,7.25,ID,1675317402
398,boffa,10.1667,-14.0333,72.5,78,1,2.35,GN,1675317402
399,vestmanna,62.1564,-7.1664,34.72,87,75,16.11,FO,1675317403
400,sao jose da coroa grande,-8.8978,-35.1478,77.25,79,25,3.96,BR,1675317404
401,jacareacanga,-6.2222,-57.7528,71.65,99,100,1.7,BR,1675317405
402,ulladulla,-35.35,150.4667,85.91,33,78,7.07,AU,1675317405
403,henties bay,-22.116,14.2845,63.27,88,100,3.71,NA,1675317406
404,pangkalanbuun,-2.6833,111.6167,79.65,85,100,2.93,ID,1675317406
405,vila franca do campo,37.7167,-25.4333,55.81,85,97,8.05,PT,1675317278
406,ambilobe,-13.2,49.05,79.9,83,99,1.66,MG,1675317408
407,marfino,55.7028,37.3822,29.16,79,75,8.95,RU,1675317409
408,kashihara,34.509,135.7929,44.49,51,75,6.91,JP,1675317409
409,san cristobal,7.7669,-72.225,64.58,85,15,2.04,VE,1675317410
410,antofagasta,-23.65,-70.4,67.28,84,33,5.57,CL,1675317411
411,bambari,5.768,20.6757,79.03,28,71,1.99,CF,1675317412
412,vestmannaeyjar,63.4427,-20.2734,37.65,92,100,41.03,IS,1675317412
413,yantzaza,-3.8278,-78.7594,68.14,98,86,1.21,EC,1675317413
414,monze,-16.2833,27.4833,65.52,96,100,3.02,ZM,1675317414
415,tautira,-17.7333,-149.15,82.27,69,25,19.98,PF,1675317414
416,correntina,-13.3433,-44.6367,71.65,69,79,3.09,BR,1675317415
417,peniche,39.3558,-9.3811,43.45,92,0,7.07,PT,1675317416
418,bintulu,3.1667,113.0333,86.41,74,40,5.75,MY,1675317151
419,le port,-20.9373,55.2919,84.2,72,30,1.63,RE,1675317417
420,buin,-33.7333,-70.75,75.74,49,0,3.83,CL,1675317418
421,revda,56.801,59.9303,19.0,89,79,1.01,RU,1675317419
422,vegreville,53.5001,-112.0518,-6.9,64,100,5.75,CA,1675317420
423,lodwar,3.1191,35.5973,86.83,36,5,11.05,KE,1675317421
424,olinda,-8.0089,-34.8553,80.33,74,40,4.61,BR,1675317369
425,kristiinankaupunki,62.2743,21.376,19.09,94,52,5.59,FI,1675317423
426,caravelas,-17.7125,-39.2481,72.99,89,65,4.23,BR,1675317424
427,aleksandrov gay,50.147,48.5704,22.98,83,100,6.24,RU,1675317425
428,marzuq,14.4,46.4667,74.7,26,16,1.57,YE,1675317427
429,naliya,23.2667,68.8333,76.66,23,6,7.54,IN,1675317428
430,svetlaya,46.5389,138.3297,15.15,46,59,8.59,RU,1675317430
431,grand gaube,-20.0064,57.6608,85.37,69,4,7.0,MU,1675317431
432,pochutla,15.7432,-96.4661,72.82,69,1,3.49,MX,1675317432
433,puro,12.4841,123.3827,83.26,72,27,13.27,PH,1675317433
434,omsukchan,62.5333,155.8,-16.1,100,62,2.55,RU,1675317435
435,rangpur,25.75,89.25,77.99,27,1,1.57,BD,1675317436
436,airai,-8.9266,125.4092,70.41,80,93,4.56,TL,1675317437
437,igrim,63.1906,64.4162,17.29,93,18,6.08,RU,1675317438
438,musoma,-1.5,33.8,69.75,70,55,2.98,TZ,1675317439
439,gbarnga,6.9956,-9.4722,70.23,99,40,1.32,LR,1675317440
440,florence,43.7667,11.25,44.1,75,98,1.81,IT,1675317315
441,shingu,33.7333,135.9833,50.49,44,99,4.14,JP,1675317442
442,kutum,14.2,24.6667,57.33,23,23,8.59,SD,1675317443
443,klaksvik,62.2266,-6.589,36.52,70,100,18.03,FO,1675317444
444,mayor pablo lagerenza,-19.9309,-60.7718,72.95,94,88,4.27,PY,1675317445
445,mayna,54.1135,47.6231,12.45,88,100,6.71,RU,1675317446
446,livadi,40.125,22.1517,28.22,59,5,3.49,GR,1675317447
447,khorinsk,52.1657,109.7726,7.2,83,90,4.52,RU,1675317448
448,vallenar,-28.5708,-70.7581,70.16,55,0,1.59,CL,1675317449
449,senneterre,48.3835,-77.2328,8.11,95,99,7.11,CA,1675317451
450,saint anthony,45.0205,-93.218,12.49,81,0,4.61,US,1675317241
451,kalach-na-donu,48.691,43.5264,30.0,88,99,4.74,RU,1675317453
452,sfantu gheorghe,45.8667,25.7833,24.98,94,93,3.51,RO,1675317453
453,balaka,-14.9793,34.9558,72.41,90,84,4.14,MW,1675317454
454,la roda,39.2167,-2.15,38.91,76,0,6.06,ES,1675317455
455,coquimbo,-29.9533,-71.3436,60.53,100,0,1.14,CL,1675317456
456,neiafu,-18.65,-173.9833,81.28,89,75,8.05,TO,1675317456
457,danshui,22.7984,114.4672,73.51,58,24,10.49,CN,1675317457
458,cairns,-16.9167,145.7667,92.1,74,40,11.5,AU,1675317317
459,svetlogorsk,52.6333,29.7333,32.04,91,100,9.6,BY,1675317168
460,balkanabat,39.5108,54.3671,46.81,67,4,3.87,TM,1675317458
461,scorteni,45.1,25.85,28.24,84,23,4.34,RO,1675317459
462,riverton,40.5219,-111.9391,25.45,77,0,4.0,US,1675317460
463,luanda,-8.8368,13.2343,77.0,88,75,4.61,AO,1675317462
464,santa vitoria do palmar,-33.5189,-53.3681,69.24,82,39,5.32,BR,1675317462
465,balve,51.3333,7.8667,43.05,98,100,11.25,DE,1675317463
466,plettenberg bay,-34.0527,23.3716,69.26,62,36,3.22,ZA,1675317428
467,hobyo,5.3505,48.5268,79.25,58,37,18.01,SO,1675317464
468,conceicao do mato dentro,-19.0372,-43.425,62.73,96,90,0.92,BR,1675317465
469,ariquemes,-9.9133,-63.0408,72.36,98,100,0.56,BR,1675317465
470,aberdeen,57.1437,-2.0981,39.69,100,75,4.61,GB,1675317466
471,yantal,56.8471,105.2542,11.12,86,100,6.82,RU,1675317467
472,westport,41.1415,-73.3579,30.74,53,0,3.44,US,1675317409
473,ust-kuyga,70.0167,135.6,-19.66,96,98,4.45,RU,1675317468
474,beringovskiy,63.05,179.3167,21.56,96,100,10.8,RU,1675317423
475,verkhnyaya inta,65.9811,60.3094,22.66,86,52,15.86,RU,1675317469
476,akyab,20.15,92.9,79.14,42,99,7.16,MM,1675317470
477,villarrobledo,39.2699,-2.6012,38.79,71,0,9.55,ES,1675317471
478,palmas,-10.2128,-48.3603,76.87,94,40,1.14,BR,1675317471
479,masumbwe,-3.6333,32.1833,67.37,88,45,3.6,TZ,1675317473
480,duncan,34.5023,-97.9578,30.06,69,100,0.0,US,1675317473
481,miyako,39.6367,141.9525,33.71,56,12,14.03,JP,1675317474
482,tabuk,17.4189,121.4443,84.16,65,24,4.99,PH,1675317475
483,albert lea,43.648,-93.3683,9.84,89,6,7.31,US,1675317372
484,alofi,-19.0595,-169.9187,80.49,74,100,10.36,NU,1675317476
485,naryan-mar,67.6713,53.087,18.16,92,91,13.24,RU,1675317476
486,hearst,49.6835,-83.6665,-10.95,98,50,4.72,CA,1675317362
487,lucapa,-8.4192,20.7447,66.63,94,100,2.04,AO,1675317478
488,okhotsk,59.3833,143.3,-0.54,88,100,12.28,RU,1675317478
489,mount gambier,-37.8333,140.7667,59.92,53,72,18.16,AU,1675317432
490,menongue,-14.6585,17.691,64.71,89,100,0.98,AO,1675317480
491,cartagena,10.3997,-75.5144,76.62,83,0,9.22,CO,1675317480
492,sorland,67.667,12.6934,33.66,50,50,3.8,NO,1675317481
493,pagudpud,18.5616,120.7868,84.72,69,4,17.67,PH,1675317481
494,toledo,39.8333,-4.0,41.11,57,0,4.47,ES,1675317394
495,ihosy,-22.4,46.1167,69.66,84,100,8.68,MG,1675317483
496,tucurui,-3.7661,-49.6725,70.66,99,100,0.76,BR,1675317484
497,lovozero,68.005,35.0117,23.92,97,100,6.49,RU,1675317484
498,ratnagiri,16.9833,73.3,89.58,32,13,12.71,IN,1675317265
499,la union,-5.4,-80.75,77.18,66,90,5.3,PE,1675317485
500,callaway,30.153,-85.5699,66.9,97,100,0.0,US,1675317486
501,chaman,30.9236,66.4512,55.99,30,24,2.35,PK,1675317487
502,lahat,-3.8,103.5333,86.97,64,91,5.61,ID,1675317487
503,san jose,37.3394,-121.895,50.2,66,0,3.0,US,1675317400
504,port hardy,50.6996,-127.4199,41.18,87,100,19.57,CA,1675317489
505,niort,46.3333,-0.3333,42.17,92,93,4.38,FR,1675317489
506,wanaka,-44.7,169.15,65.05,85,100,6.64,NZ,1675317490
507,qarchak,35.4394,51.5689,45.27,39,1,3.42,IR,1675317491
508,itarema,-2.9248,-39.9167,78.21,82,100,9.64,BR,1675317492
509,lagoa,39.05,-27.9833,56.8,71,3,10.58,PT,1675317493
510,baykit,61.67,96.37,10.22,93,100,4.52,RU,1675317494
511,domoni,-12.2569,44.5319,81.88,81,100,7.34,KM,1675317495
512,barhiya,25.2833,86.0333,73.0,35,0,9.91,IN,1675317496
513,wasilla,61.5814,-149.4394,28.31,92,100,0.0,US,1675317483
514,tigil,57.8,158.6667,-4.13,93,42,3.47,RU,1675317497
515,el pinon,10.4028,-74.8242,72.55,85,6,2.21,CO,1675317498
516,yenagoa,4.9247,6.2642,76.37,90,7,2.21,NG,1675317499
517,male,4.1748,73.5089,84.15,74,40,8.05,MV,1675317500
518,puerto carreno,6.189,-67.4859,75.56,50,8,6.96,CO,1675317501
519,riyadh,24.6877,46.7219,55.54,63,50,5.28,SA,1675317335
520,hit,33.6416,42.8251,53.13,60,100,14.41,IQ,1675317502
521,buluang,13.3068,123.3425,85.68,65,20,3.4,PH,1675317503
522,noumea,-22.2763,166.4572,87.78,75,86,9.75,NC,1675317451
523,san juan,-31.5375,-68.5364,69.06,82,95,6.91,AR,1675317060
524,alausi,-2.2,-78.8333,47.68,92,81,4.52,EC,1675317505
525,kichera,55.9375,110.0997,6.73,91,100,3.0,RU,1675317506
526,gamboma,-1.8764,15.8644,74.12,83,28,3.51,CG,1675317506
527,qingdao,36.0986,120.3719,35.2,27,0,6.71,CN,1675317507
528,krasnoselkup,65.7,82.4667,5.72,97,96,10.33,RU,1675317508
529,stromness,58.965,-3.296,40.96,89,100,14.0,GB,1675317233
530,birao,10.2849,22.7882,73.11,18,34,12.03,CF,1675317509
531,ouadda,8.0777,22.4007,75.76,18,2,9.04,CF,1675317510
532,ormara,25.2088,64.6357,69.4,38,3,1.59,PK,1675317511
533,baraya,3.1533,-75.0531,70.39,63,89,5.03,CO,1675317511
534,ambulu,-8.345,113.6058,80.98,80,100,3.18,ID,1675317512
535,comodoro rivadavia,-45.8667,-67.5,62.46,39,0,3.44,AR,1675317372
536,harper,4.375,-7.7169,78.6,86,12,4.09,LR,1675317513
537,cocobeach,1.0002,9.5823,77.38,89,38,4.83,GA,1675317514
538,nikolayevsk-na-amure,53.1406,140.73,-5.33,81,87,5.06,RU,1675317515
539,sao gabriel da cachoeira,-0.1303,-67.0892,73.11,93,97,0.4,BR,1675317515
540,jerantut,3.936,102.3626,79.97,79,99,4.34,MY,1675317516
541,auki,-8.7676,160.7034,82.18,80,87,7.31,SB,1675317517
542,caraballeda,10.6112,-66.8522,77.07,81,20,0.0,VE,1675317518
543,fomboni,-12.28,43.7425,82.63,76,99,13.2,KM,1675317518
544,vung tau,10.346,107.0843,81.46,74,88,18.81,VN,1675317519
545,tieling,42.2931,123.8414,22.19,25,0,5.86,CN,1675317520
546,yangambi,0.8102,24.4336,70.25,78,89,3.29,CD,1675317520
547,kudymkar,59.0173,54.656,5.11,95,86,4.47,RU,1675317521
548,half moon bay,37.4636,-122.4286,51.31,64,0,3.44,US,1675317449
549,pestravka,52.405,49.9583,7.34,95,55,4.76,RU,1675317522
550,truth or consequences,33.1284,-107.2528,41.23,48,0,4.61,US,1675317523
551,agirish,61.9247,63.0231,15.67,95,25,4.59,RU,1675317524
552,artyom,40.4723,50.333,46.54,91,100,10.29,AZ,1675317524
553,broken hill,-31.95,141.4333,79.23,22,2,20.07,AU,1675317525
554,el alto,-4.2714,-81.2147,74.55,79,93,6.02,PE,1675317526
555,mumford,5.2618,-0.759,76.78,93,1,4.92,GH,1675317526
556,sabang,5.8933,95.3214,81.66,73,97,12.73,ID,1675317287
557,bonito,-21.1211,-56.4819,71.67,98,99,3.51,BR,1675317527
558,bulls,-40.1667,175.3833,76.46,79,93,3.85,NZ,1675317528
559,bradford,53.7939,-1.7521,47.05,92,75,21.85,GB,1675317529
560,bathsheba,13.2167,-59.5167,77.61,69,40,13.8,BB,1675317529
561,jalu,29.0331,21.5482,49.37,55,0,5.39,LY,1675317530
562,san antonio,29.4241,-98.4936,36.12,91,100,9.22,US,1675317429
563,elko,41.0002,-115.5012,9.64,73,89,1.01,US,1675317531
564,ngunguru,-35.6167,174.5,70.41,95,100,15.19,NZ,1675317532
565,gat,31.61,34.7642,51.08,100,96,14.85,IL,1675317533
